Year,Team1,Team2,Conference,Highest.Seed,Round
2006,Ottawa Senators,Tampa Bay Lightning,eastern,Ottawa Senators,quarter-finals
2006,Carolina Hurricanes,Montreal Canadiens,eastern,Carolina Hurricanes,quarter-finals
2006,New Jersey Devils,New York Rangers,eastern,New Jersey Devils,quarter-finals
2006,Buffalo Sabres,Philadelphia Flyers,eastern,Buffalo Sabres,quarter-finals
2006,Detroit Red Wings,Edmonton Oilers,western,Detroit Red Wings,quarter-finals
2006,Dallas Stars,Colorado Avalanche,western,Dallas Stars,quarter-finals
2006,Calgary Flames,Mighty Ducks of Anaheim,western,Calgary Flames,quarter-finals
2006,Nashville Predators,San Jose Sharks,western,Nashville Predators,quarter-finals
2006,Ottawa Senators,Buffalo Sabres,eastern,Ottawa Senators,semi-finals
2006,Carolina Hurricanes,New Jersey Devils,eastern,Carolina Hurricanes,semi-finals
2006,San Jose Sharks,Edmonton Oilers,western,San Jose Sharks,semi-finals
2006,Mighty Ducks of Anaheim,Colorado Avalanche,western,Mighty Ducks of Anaheim,semi-finals
2006,Buffalo Sabres,Carolina Hurricanes,eastern,Carolina Hurricanes,finals
2006,Edmonton Oilers,Mighty Ducks of Anaheim,western,Mighty Ducks of Anaheim,finals
2006,Carolina Hurricanes,Edmonton Oilers,N/A,Carolina Hurricanes,stanley-cup-final
2007,Buffalo Sabres,New York Islanders,eastern,Buffalo Sabres,quarter-finals
2007,New Jersey Devils,Tampa Bay Lightning,eastern,New Jersey Devils,quarter-finals
2007,Atlanta Thrashers,New York Rangers,eastern,Atlanta Thrashers,quarter-finals
2007,Ottawa Senators,Pittsburgh Penguins,eastern,Ottawa Senators,quarter-finals
2007,Detroit Red Wings,Calgary Flames,western,Detroit Red Wings,quarter-finals
2007,Anaheim Ducks,Minnesota Wild,western,Anaheim Ducks,quarter-finals
2007,Vancouver Canucks,Dallas Stars,western,Vancouver Canucks,quarter-finals
2007,Nashville Predators,San Jose Sharks,western,Nashville Predators,quarter-finals
2007,Buffalo Sabres,New York Rangers,eastern,Buffalo Sabres,semi-finals
2007,New Jersey Devils,Ottawa Senators,eastern,New Jersey Devils,semi-finals
2007,Detroit Red Wings,San Jose Sharks,western,Detroit Red Wings,semi-finals
2007,Anaheim Ducks,Vancouver Canucks,western,Anaheim Ducks,semi-finals
2007,Buffalo Sabres,Ottawa Senators,eastern,Buffalo Sabres,finals
2007,Detroit Red Wings,Anaheim Ducks,western,Detroit Red Wings,finals
2007,Ottawa Senators,Anaheim Ducks,N/A,Anaheim Ducks,stanley-cup-final
2008,Montreal Canadiens,Boston Bruins,eastern,Montreal Canadiens,quarter-finals
2008,Pittsburgh Penguins,Ottawa Senators,eastern,Pittsburgh Penguins,quarter-finals
2008,Washington Capitals,Philadelphia Flyers,eastern,Washington Capitals,quarter-finals
2008,New Jersey Devils,New York Rangers,eastern,New Jersey Devils,quarter-finals
2008,Detroit Red Wings,Nashville Predators,western,Detroit Red Wings,quarter-finals
2008,San Jose Sharks,Calgary Flames,western,San Jose Sharks,quarter-finals
2008,Minnesota Wild,Colorado Avalanche,western,Minnesota Wild,quarter-finals
2008,Anaheim Ducks,Dallas Stars,western,Anaheim Ducks,quarter-finals
2008,Montreal Canadiens,Philadelphia Flyers,eastern,Montreal Canadiens,semi-finals
2008,Pittsburgh Penguins,New York Rangers,eastern,Pittsburgh Penguins,semi-finals
2008,Detroit Red Wings,Colorado Avalanche,western,Detroit Red Wings,semi-finals
2008,San Jose Sharks,Dallas Stars,western,San Jose Sharks,semi-finals
2008,Philadelphia Flyers,Pittsburgh Penguins,eastern,Pittsburgh Penguins,finals
2008,Detroit Red Wings,Dallas Stars,western,Detroit Red Wings,finals
2008,Pittsburgh Penguins,Detroit Red Wings,N/A,Detroit Red Wings,stanley-cup-final
2009,Boston Bruins,Montreal Canadiens,eastern,Boston Bruins,quarter-finals
2009,Washington Capitals,New York Rangers,eastern,Washington Capitals,quarter-finals
2009,New Jersey Devils,Carolina Hurricanes,eastern,New Jersey Devils,quarter-finals
2009,Pittsburgh Penguins,Philadelphia Flyers,eastern,Pittsburgh Penguins,quarter-finals
2009,San Jose Sharks,Anaheim Ducks,western,San Jose Sharks,quarter-finals
2009,Detroit Red Wings,Columbus Blue Jackets,western,Detroit Red Wings,quarter-finals
2009,Vancouver Canucks,St Louis Blues,western,Vancouver Canucks,quarter-finals
2009,Chicago Blackhawks,Calgary Flames,western,Chicago Blackhawks,quarter-finals
2009,Boston Bruins,Carolina Hurricanes,eastern,Boston Bruins,semi-finals
2009,Washington Capitals,Pittsburgh Penguins,eastern,Washington Capitals,semi-finals
2009,Detroit Red Wings,Anaheim Ducks,western,Detroit Red Wings,semi-finals
2009,Vancouver Canucks,Chicago Blackhawks,western,Vancouver Canucks,semi-finals
2009,Carolina Hurricanes,Pittsburgh Penguins,eastern,Pittsburgh Penguins,finals
2009,Detroit Red Wings,Chicago Blackhawks,western,Detroit Red Wings,finals
2009,Pittsburgh Penguins,Detroit Red Wings,N/A,Detroit Red Wings,stanley-cup-final
2010,Washington Capitals,Montreal Canadiens,eastern,Washington Capitals,quarter-finals
2010,New Jersey Devils,Philadelphia Flyers,eastern,New Jersey Devils,quarter-finals
2010,Buffalo Sabres,Boston Bruins,eastern,Buffalo Sabres,quarter-finals
2010,Pittsburgh Penguins,Ottawa Senators,eastern,Pittsburgh Penguins,quarter-finals
2010,San Jose Sharks,Colorado Avalanche,western,San Jose Sharks,quarter-finals
2010,Chicago Blackhawks,Nashville Predators,western,Chicago Blackhawks,quarter-finals
2010,Vancouver Canucks,Los Angeles Kings,western,Vancouver Canucks,quarter-finals
2010,Phoenix Coyotes,Detroit Red Wings,western,Phoenix Coyotes,quarter-finals
2010,Pittsburgh Penguins,Montreal Canadiens,eastern,Pittsburgh Penguins,semi-finals
2010,Boston Bruins,Philadelphia Flyers,eastern,Boston Bruins,semi-finals
2010,San Jose Sharks,Detroit Red Wings,western,San Jose Sharks,semi-finals
2010,Chicago Blackhawks,Vancouver Canucks,western,Chicago Blackhawks,semi-finals
2010,Montreal Canadiens,Philadelphia Flyers,eastern,Philadelphia Flyers,finals
2010,San Jose Sharks,Chicago Blackhawks,western,San Jose Sharks,finals
2010,Philadelphia Flyers,Chicago Blackhawks,N/A,Chicago Blackhawks,stanley-cup-final
2011,Washington Capitals,New York Rangers,eastern,Washington Capitals,quarter-finals
2011,Philadelphia Flyers,Buffalo Sabres,eastern,Philadelphia Flyers,quarter-finals
2011,Boston Bruins,Montreal Canadiens,eastern,Boston Bruins,quarter-finals
2011,Pittsburgh Penguins,Tampa Bay Lightning,eastern,Pittsburgh Penguins,quarter-finals
2011,Vancouver Canucks,Chicago Blackhawks,western,Vancouver Canucks,quarter-finals
2011,San Jose Sharks,Los Angeles Kings,western,San Jose Sharks,quarter-finals
2011,Detroit Red Wings,Phoenix Coyotes,western,Detroit Red Wings,quarter-finals
2011,Anaheim Ducks,Nashville Predators,western,Anaheim Ducks,quarter-finals
2011,Washington Capitals,Tampa Bay Lightning,eastern,Washington Capitals,semi-finals
2011,Philadelphia Flyers,Boston Bruins,eastern,Philadelphia Flyers,semi-finals
2011,Vancouver Canucks,Nashville Predators,western,Vancouver Canucks,semi-finals
2011,San Jose Sharks,Detroit Red Wings,western,San Jose Sharks,semi-finals
2011,Tampa Bay Lightning,Boston Bruins,eastern,Boston Bruins,finals
2011,Vancouver Canucks,San Jose Sharks,western,Vancouver Canucks,finals
2011,Boston Bruins,Vancouver Canucks,N/A,Vancouver Canucks,stanley-cup-final
2012,New York Rangers,Ottawa Senators,eastern,New York Rangers,quarter-finals
2012,Boston Bruins,Washington Capitals,eastern,Boston Bruins,quarter-finals
2012,Florida Panthers,New Jersey Devils,eastern,Florida Panthers,quarter-finals
2012,Pittsburgh Penguins,Philadelphia Flyers,eastern,Pittsburgh Penguins,quarter-finals
2012,Vancouver Canucks,Los Angeles Kings,western,Vancouver Canucks,quarter-finals
2012,St Louis Blues,San Jose Sharks,western,St Louis Blues,quarter-finals
2012,Phoenix Coyotes,Chicago Blackhawks,western,Phoenix Coyotes,quarter-finals
2012,Nashville Predators,Detroit Red Wings,western,Nashville Predators,quarter-finals
2012,New York Rangers,Washington Capitals,eastern,New York Rangers,semi-finals
2012,Philadelphia Flyers,New Jersey Devils,eastern,Philadelphia Flyers,semi-finals
2012,St Louis Blues,Los Angeles Kings,western,St Louis Blues,semi-finals
2012,Phoenix Coyotes,Nashville Predators,western,Phoenix Coyotes,semi-finals
2012,New York Rangers,New Jersey Devils,eastern,New York Rangers,finals
2012,Los Angeles Kings,Phoenix Coyotes,western,Phoenix Coyotes,finals
2012,New Jersey Devils,Los Angeles Kings,N/A,New Jersey Devils,stanley-cup-final
2013,Pittsburgh Penguins,New York Islanders,eastern,Pittsburgh Penguins,quarter-finals
2013,Montreal Canadiens,Ottawa Senators,eastern,Montreal Canadiens,quarter-finals
2013,Washington Capitals,New York Rangers,eastern,Washington Capitals,quarter-finals
2013,Boston Bruins,Toronto Maple Leafs,eastern,Boston Bruins,quarter-finals
2013,Chicago Blackhawks,Minnesota Wild,western,Chicago Blackhawks,quarter-finals
2013,Anaheim Ducks,Detroit Red Wings,western,Anaheim Ducks,quarter-finals
2013,Vancouver Canucks,San Jose Sharks,western,Vancouver Canucks,quarter-finals
2013,St Louis Blues,Los Angeles Kings,western,St Louis Blues,quarter-finals
2013,Pittsburgh Penguins,Ottawa Senators,eastern,Pittsburgh Penguins,semi-finals
2013,Boston Bruins,New York Rangers,eastern,Boston Bruins,semi-finals
2013,Chicago Blackhawks,Detroit Red Wings,western,Chicago Blackhawks,semi-finals
2013,Los Angeles Kings,San Jose Sharks,western,Los Angeles Kings,semi-finals
2013,Pittsburgh Penguins,Boston Bruins,eastern,Pittsburgh Penguins,finals
2013,Chicago Blackhawks,Los Angeles Kings,western,Chicago Blackhawks,finals
2013,Boston Bruins,Chicago Blackhawks,N/A,Chicago Blackhawks,stanley-cup-final
2014,Boston Bruins,Detroit Red Wings,eastern,Boston Bruins,quarter-finals
2014,Tampa Bay Lightning,Montreal Canadiens,eastern,Tampa Bay Lightning,quarter-finals
2014,Pittsburgh Penguins,Columbus Blue Jackets,eastern,Pittsburgh Penguins,quarter-finals
2014,New York Rangers,Philadelphia Flyers,eastern,New York Rangers,quarter-finals
2014,Colorado Avalanche,Minnesota Wild,western,Colorado Avalanche,quarter-finals
2014,St Louis Blues,Chicago Blackhawks,western,St Louis Blues,quarter-finals
2014,Anaheim Ducks,Dallas Stars,western,Anaheim Ducks,quarter-finals
2014,San Jose Sharks,Los Angeles Kings,western,San Jose Sharks,quarter-finals
2014,Boston Bruins,Montreal Canadiens,eastern,Boston Bruins,semi-finals
2014,Pittsburgh Penguins,New York Rangers,eastern,Pittsburgh Penguins,semi-finals
2014,Minnesota Wild,Chicago Blackhawks,western,Chicago Blackhawks,semi-finals
2014,Anaheim Ducks,Los Angeles Kings,western,Anaheim Ducks,semi-finals
2014,Montreal Canadiens,New York Rangers,eastern,Montreal Canadiens,finals
2014,Chicago Blackhawks,Los Angeles Kings,western,Chicago Blackhawks,finals
2014,Los Angeles Kings,New York Rangers,N/A,Los Angeles Kings,stanley-cup-final
2015,Montreal Canadiens,Ottawa Senators,eastern,Montreal Canadiens,quarter-finals
2015,Tampa Bay Lightning,Detroit Red Wings,eastern,Tampa Bay Lightning,quarter-finals
2015,New York Rangers,Pittsburgh Penguins,eastern,New York Rangers,quarter-finals
2015,Washington Capitals,New York Islanders,eastern,Washington Capitals,quarter-finals
2015,St Louis Blues,Minnesota Wild,western,St Louis Blues,quarter-finals
2015,Nashville Predators,Chicago Blackhawks,western,Nashville Predators,quarter-finals
2015,Anaheim Ducks,Winnipeg Jets,western,Anaheim Ducks,quarter-finals
2015,Vancouver Canucks,Calgary Flames,western,Vancouver Canucks,quarter-finals
2015,Montreal Canadiens,Tampa Bay Lightning,eastern,Montreal Canadiens,semi-finals
2015,New York Rangers,Washington Capitals,eastern,New York Rangers,semi-finals
2015,Minnesota Wild,Chicago Blackhawks,western,Chicago Blackhawks,semi-finals
2015,Anaheim Ducks,Calgary Flames,western,Anaheim Ducks,semi-finals
2015,Tampa Bay Lightning,New York Rangers,eastern,New York Rangers,finals
2015,Chicago Blackhawks,Anaheim Ducks,western,Anaheim Ducks,finals
2015,Chicago Blackhawks,Tampa Bay Lightning,N/A,Tampa Bay Lightning,stanley-cup-final
2016,Florida Panthers,New York Islanders,eastern,Florida Panthers,quarter-finals
2016,Tampa Bay Lightning,Detroit Red Wings,eastern,Tampa Bay Lightning,quarter-finals
2016,Washington Capitals,Philadelphia Flyers,eastern,Washington Capitals,quarter-finals
2016,Pittsburgh Penguins,New York Rangers,eastern,Pittsburgh Penguins,quarter-finals
2016,Dallas Stars,Minnesota Wild,western,Dallas Stars,quarter-finals
2016,St Louis Blues,Chicago Blackhawks,western,St Louis Blues,quarter-finals
2016,Anaheim Ducks,Nashville Predators,western,Anaheim Ducks,quarter-finals
2016,Los Angeles Kings,San Jose Sharks,western,Los Angeles Kings,quarter-finals
2016,New York Islanders,Tampa Bay Lightning,eastern,Tampa Bay Lightning,semi-finals
2016,Washington Capitals,Pittsburgh Penguins,eastern,Washington Capitals,semi-finals
2016,Dallas Stars,St Louis Blues,western,Dallas Stars,semi-finals
2016,Nashville Predators,San Jose Sharks,western,San Jose Sharks,semi-finals
2016,Tampa Bay Lightning,Pittsburgh Penguins,eastern,Pittsburgh Penguins,finals
2016,St Louis Blues,San Jose Sharks,western,St Louis Blues,finals
2016,San Jose Sharks,Pittsburgh Penguins,N/A,Pittsburgh Penguins,stanley-cup-final
2017,Montreal Canadiens,New York Rangers,eastern,Montreal Canadiens,quarter-finals
2017,Ottawa Senators,Boston Bruins,eastern,Ottawa Senators,quarter-finals
2017,Washington Capitals,Toronto Maple Leafs,eastern,Washington Capitals,quarter-finals
2017,Pittsburgh Penguins,Columbus Blue Jackets,eastern,Pittsburgh Penguins,quarter-finals
2017,Chicago Blackhawks,Nashville Predators,western,Chicago Blackhawks,quarter-finals
2017,Minnesota Wild,St Louis Blues,western,Minnesota Wild,quarter-finals
2017,Anaheim Ducks,Calgary Flames,western,Anaheim Ducks,quarter-finals
2017,Edmonton Oilers,San Jose Sharks,western,Edmonton Oilers,quarter-finals
2017,New York Rangers,Ottawa Senators,eastern,Ottawa Senators,semi-finals
2017,Washington Capitals,Pittsburgh Penguins,eastern,Washington Capitals,semi-finals
2017,Nashville Predators,St Louis Blues,western,St Louis Blues,semi-finals
2017,Anaheim Ducks,Edmonton Oilers,western,Anaheim Ducks,semi-finals
2017,Ottawa Senators,Pittsburgh Penguins,eastern,Pittsburgh Penguins,finals
2017,Nashville Predators,Anaheim Ducks,western,Anaheim Ducks,finals
2017,Pittsburgh Penguins,Nashville Predators,N/A,Pittsburgh Penguins,stanley-cup-final
2018,Tampa Bay Lightning,New Jersey Devils,eastern,Tampa Bay Lightning,quarter-finals
2018,Boston Bruins,Toronto Maple Leafs,eastern,Boston Bruins,quarter-finals
2018,Washington Capitals,Columbus Blue Jackets,eastern,Washington Capitals,quarter-finals
2018,Pittsburgh Penguins,Philadelphia Flyers,eastern,Pittsburgh Penguins,quarter-finals
2018,Nashville Predators,Colorado Avalanche,western,Nashville Predators,quarter-finals
2018,Winnipeg Jets,Minnesota Wild,western,Winnipeg Jets,quarter-finals
2018,Vegas Golden Knights,Los Angeles Kings,western,Vegas Golden Knights,quarter-finals
2018,Anaheim Ducks,San Jose Sharks,western,Anaheim Ducks,quarter-finals
2018,Tampa Bay Lightning,Boston Bruins,eastern,Tampa Bay Lightning,semi-finals
2018,Washington Capitals,Pittsburgh Penguins,eastern,Washington Capitals,semi-finals
2018,Nashville Predators,Winnipeg Jets,western,Nashville Predators,semi-finals
2018,Vegas Golden Knights,San Jose Sharks,western,Vegas Golden Knights,semi-finals
2018,Tampa Bay Lightning,Washington Capitals,eastern,Tampa Bay Lightning,finals
2018,Winnipeg Jets,Vegas Golden Knights,western,Winnipeg Jets,finals
2018,Washington Capitals,Vegas Golden Knights,N/A,Vegas Golden Knights,stanley-cup-final
2019,Tampa Bay Lightning,Columbus Blue Jackets,eastern,Tampa Bay Lightning,quarter-finals
2019,Boston Bruins,Toronto Maple Leafs,eastern,Boston Bruins,quarter-finals
2019,Pittsburgh Penguins,New York Islanders,eastern,New York Islanders,quarter-finals
2019,Washington Capitals,Carolina Hurricanes,eastern,Washington Capitals,quarter-finals
2019,Calgary Flames,Colorado Avalanche,western,Calgary Flames,quarter-finals
2019,San Jose Sharks,Vegas Golden Knights,western,San Jose Sharks,quarter-finals
2019,Nashville Predators,Dallas Stars,western,Nashville Predators,quarter-finals
2019,Winnipeg Jets,St Louis Blues,western,Winnipeg Jets,quarter-finals
2019,Boston Bruins,Columbus Blue Jackets,eastern,Boston Bruins,semi-finals
2019,Carolina Hurricanes,New York Islanders,eastern,New York Islanders,semi-finals
2019,Dallas Stars,St Louis Blues,western,St Louis Blues,semi-finals
2019,San Jose Sharks,Colorado Avalanche,western,San Jose Sharks,semi-finals
2019,Carolina Hurricanes,Boston Bruins,eastern,Boston Bruins,finals
2019,San Jose Sharks,St Louis Blues,western,San Jose Sharks,finals
